{"cameraMode":{"drawMode":0,"name":"Shaded","section":"Shading Mode"},"sceneLighting":true,"audioPlay":false,"sceneViewState":{"showFog":true,"showMaterialUpdate":false,"showSkybox":true,"showFlares":true,"showImageEffects":true,"showParticleSystems":true,"showVisualEffectGraphs":true,"m_FxEnabled":true},"in2DMode":false,"pivot":{"x":-1.7593541145324708,"y":-1.7028450965881348,"z":-8.069015502929688},"rotation":{"x":0.08450020104646683,"y":-0.0059869419783353809,"z":0.00045680737821385264,"w":0.9964359402656555},"size":17.62565040588379,"orthographic":false}