{"cameraMode":{"drawMode":0,"name":"Shaded","section":"Shading Mode"},"sceneLighting":true,"audioPlay":false,"sceneViewState":{"showFog":true,"showMaterialUpdate":false,"showSkybox":false,"showFlares":true,"showImageEffects":true,"showParticleSystems":true,"showVisualEffectGraphs":true,"m_FxEnabled":true},"in2DMode":false,"pivot":{"x":0.7300000190734863,"y":1.3700000047683716,"z":-47.349998474121097},"rotation":{"x":0.14498628675937653,"y":-0.004452261608093977,"z":0.0006523154443129897,"w":0.989431619644165},"size":0.6123724579811096,"orthographic":false}